﻿Designator,Footprint,Quantity,Value,LCSC Part #
"C10, C14",CP_EIA-3216-18_Kemet-A,2,10uf,C7171
"C11, C6, C7",0805,3,100nf,C49678
"C12, C15",0805,2,10nF,C1710
"C13, C9",0805,2,1uF,C28323
"C2, C3",0805,2,20pf,C1798
D1,0805,1,RED,C84256
D2,0805,1,BLUE,C2293
D3,0805,1,GREEN,C2297
"H1, H2, H3, H4",MountingHole_2.7mm_M2.5,4,MountingHole,
"J1, J3",PinHeader_1x06_P2.54mm_Vertical,2,Conn_01x06,
"J2, J7",PinHeader_2x03_P2.54mm_Vertical,2,Conn_02x03_Odd_Even,
J4,PinSocket_1x16_P2.54mm_Vertical,1,Conn_01x16,
J5,PinSocket_1x08_P2.54mm_Vertical,1,Conn_01x08,
J6,PinHeader_2x05_P1.27mm_Vertical_SMD,1,Conn_02x05 Odd_Even,20021121-00010C4LF
L1,0805,1,10uH,C1046
"R1, R2, R3",0805,3,10K,C17414
"R4, R6",0805,2,1K,C17513
SW1,SW_PUSH_6mm,1,SW_Push,
SW2,SW_DIP_SPSTx02_Slide_6.7x6.64mm_W8.61mm_P2.54mm_LowProfile,1,SW_DIP_x02,CT2192LPST-ND
U1,LQFP-32_7x7mm_P0.8mm,1,STM32F030K6Tx,C88446
U2,SOT-223-3_TabPin2,1,AMS1117-3.3,C6186
Y1,Crystal_SMD_5032-2Pin_5.0x3.2mm,1,8MHz,C115962
