﻿pos_x,pos_y,rotation,side,designator,mpn,pack,value,mount_type,place
18.0,32.0,-90.0,top,C1,C0805C104J5RAC7800,C_0805_2012Metric,100nf,smt,True
47.0,27.0,0.0,top,C10,T491A106K010AT,CP_EIA-3216-18_Kemet-A,10uf,smt,True
41.0,11.0,90.0,top,C11,C0805C104J5RAC7800,C_0805_2012Metric,100nf,smt,True
8.662,17.762,90.0,top,C12,C0805C103J5RAC7210,C_0805_2012Metric,10nF,smt,True
15.174,17.6995,90.0,top,C13,C0805C105J4REC7800,C_0805_2012Metric,1uF,smt,True
49.0,15.0,0.0,top,C14,T491A106K010AT,CP_EIA-3216-18_Kemet-A,10uf,smt,True
17.298,17.694,90.0,top,C15,C0805C103J5RAC7210,C_0805_2012Metric,10nF,smt,True
7.0,28.0,180.0,top,C2,C0805C200J5HAC7800,C_0805_2012Metric,20pf,smt,True
7.0625,24.0,180.0,top,C3,C0805C200J5HAC7800,C_0805_2012Metric,20pf,smt,True
7.0625,31.0,180.0,top,C4,C0805C100J5RACTU,C_0805_2012Metric,10pf,smt,True
7.0625,34.0,180.0,top,C5,C0805C100J5RACTU,C_0805_2012Metric,10pf,smt,True
35.586,31.918,180.0,top,C6,C0805C104J5RAC7800,C_0805_2012Metric,100nf,smt,True
23.9375,35.22,-90.0,top,C7,C0805C104J5RAC7800,C_0805_2012Metric,100nf,smt,True
31.776,20.234,180.0,top,C8,C0805C104J5RAC7800,C_0805_2012Metric,100nf,smt,True
6.376,17.762,90.0,top,C9,C0805C105J4REC7800,C_0805_2012Metric,1uF,smt,True
39.0,23.0,90.0,top,D1,150080RS75000,LED_0805_2012Metric,RED,smt,True
42.0,22.9375,-90.0,top,D2,150080BS75000,LED_0805_2012Metric,BLUE,smt,True
22.5535,42.84,0.0,top,D3,150080GS75000,LED_0805_2012Metric,GREEN,smt,True
54.0,32.0,0.0,top,D4,SS14,D_SMA,ss14,smt,True
65.0,46.0,0.0,top,H1,,MountingHole_2.7mm_M2.5_DIN965_Pad,MountingHole,tht,False
65.0,4.0,0.0,top,H2,,MountingHole_2.7mm_M2.5_DIN965_Pad,MountingHole,tht,False
4.0,46.0,0.0,top,H3,,MountingHole_2.7mm_M2.5_DIN965_Pad,MountingHole,tht,False
4.0,4.0,0.0,top,H4,,MountingHole_2.7mm_M2.5_DIN965_Pad,MountingHole,tht,False
53.0,43.6,90.0,top,J1,,PinHeader_2x03_P2.54mm_Vertical,Conn_02x03_Counter_Clockwise,tht,True
65.245,33.995,90.0,top,J2,629105150521,USB_Micro-B_Wuerth_629105150521_CircularHoles,USB_B_Micro,smt,True
65.4,24.8,-90.0,top,J3,,PinHeader_2x03_P2.54mm_Vertical,Conn_02x03_Counter_Clockwise,tht,True
9.0,4.0,90.0,top,J4,,PinSocket_1x16_P2.54mm_Vertical,Conn_01x16,tht,True
9.0,46.0,90.0,top,J5,,PinSocket_1x16_P2.54mm_Vertical,Conn_01x16,tht,True
63.8,12.6,180.0,top,J6,20021121-00010C4LF,PinHeader_2x05_P1.27mm_Vertical_SMD,Conn_02x05 Odd_Even,smt,True
12.218,16.424,180.0,top,L1,MLZ2012N100LT000,L_0805_2012Metric,10uH,smt,True
11.964,19.726,180.0,top,L2,MLZ2012N100LT000,L_0805_2012Metric,10uH,smt,True
18.568,40.808,180.0,top,R1,CR0805-FX-1002ELF,R_0805_2012Metric,10K,smt,True
45.254,36.984,180.0,top,R10,CR0805-FX-20R0ELF,R_0805_2012Metric,20,smt,True
39.904,26.838,180.0,top,R2,CR0805-FX-1002ELF,R_0805_2012Metric,10K,smt,True
44.0,10.9375,-90.0,top,R3,CR0805-FX-1002ELF,R_0805_2012Metric,10K,smt,True
42.0,18.0625,90.0,top,R4,CR0805-FX-1001ELF,R_0805_2012Metric,1K,smt,True
18.6465,36.998,180.0,top,R5,CR0805-FX-1002ELF,R_0805_2012Metric,10K,smt,True
22.632,40.554,0.0,top,R6,CR0805-FX-1001ELF,R_0805_2012Metric,1K,smt,True
60.5,37.4375,90.0,top,R7,CR0805-FX-1003ELF,R_0805_2012Metric,100K,smt,True
45.284,41.11,180.0,top,R8,CR0805-FX-1501ELF,R_0805_2012Metric,1K5,smt,True
45.254,39.03,0.0,top,R9,CR0805-FX-20R0ELF,R_0805_2012Metric,20,smt,True
51.0,4.0,90.0,top,SW1,,SW_PUSH_6mm,SW_Push,tht,True
11.4935,39.1033,0.0,top,SW2,CT2192LPST-ND,SW_DIP_SPSTx02_Slide_6.7x6.64mm_W6.73mm_P2.54mm_LowProfile_JPin,SW_DIP_x02,smt,True
28.0,28.0,0.0,top,U1,STM32F103CBT7,LQFP-48_7x7mm_P0.5mm,STM32F103CBTx,smt,True
48.0,21.0,-90.0,top,U2,AMS1117-3.3,SOT-223-3_TabPin2,AMS1117-3.3,smt,True
12.0,26.0,-90.0,top,Y1,ABM3-8.000MHZ-B4Y-T,Crystal_SMD_5032-2Pin_5.0x3.2mm,8MHz,smt,True
12.0,32.0,-90.0,top,Y2,ABS07AIG-32.768KHZ-D-T,Crystal_SMD_3215-2Pin_3.2x1.5mm,32.768kHz,smt,True
