﻿Designator,Quantity,Value,Footprint,Package,MPN,DNP,Mount_Type,LCSC,Manufacturer,Description
"C1, C11, C6, C7, C8",5,100nf,C_0805_2012Metric,,C0805C104J5RAC7800,,smt,C49678,Kemet,
"C10, C14",2,10uf,CP_EIA-3216-18_Kemet-A,,T491A106K010AT,,smt,C7171,Kemet,
"C12, C15",2,10nF,C_0805_2012Metric,,C0805C103J5RAC7210,,smt,C1710,Kemet,
"C13, C9",2,1uF,C_0805_2012Metric,,C0805C105J4REC7800,,smt,C28323,Kemet,
"C2, C3",2,20pf,C_0805_2012Metric,,C0805C200J5HAC7800,,smt,C1798,Kemet,
"C4, C5",2,10pf,C_0805_2012Metric,,C0805C100J5RACTU,,smt,C1785,Kemet,
D1,1,RED,LED_0805_2012Metric,,150080RS75000,,smt,C84256,Würth Elektronik,
D2,1,BLUE,LED_0805_2012Metric,,150080BS75000,,smt,C2293,Würth Elektronik,
D3,1,GREEN,LED_0805_2012Metric,,150080GS75000,,smt,C2297,Würth Elektronik,
D4,1,ss14,D_SMA,,SS14,,smt,C2480,onsemi,
"H1, H2, H3, H4",4,MountingHole,MountingHole_2.7mm_M2.5_DIN965_Pad,,,,tht,,,Mounting Hole with connection
"J1, J3",2,Conn_02x03_Counter_Clockwise,PinHeader_2x03_P2.54mm_Vertical,,PH2-06-UA,,tht,C2685197,Adam Tech,"Generic connector, double row, 02x03, odd/even pin numbering scheme (row 1 odd numbers, row 2 even numbers), script generated (kicad-library-utils/schlib/autogen/connector/)"
J2,1,USB_B_Micro,USB_Micro-B_Amphenol_10118193-0001LF_Horizontal,,10118193-0001LF,,smt,C132562,Würth Elektronik,
"J4, J5",2,Conn_01x16,PinSocket_1x16_P2.54mm_Vertical,,PH1-16-UA,,tht,C7430372,Adam Tech,
J6,1,Conn_02x05 Odd_Even,PinHeader_2x05_P1.27mm_Vertical_SMD,,20021121-00010C4LF,,smt,C5632705,Amphenol ICC (FCI),
"L1, L2",2,10uH,L_0805_2012Metric,,MLZ2012N100LT000,,smt,C1046,TDK Corporation,
"R1, R2, R3, R5",4,10K,R_0805_2012Metric,,CR0805-FX-1002ELF,,smt,C17414,Bourns Inc.,
"R10, R9",2,20,R_0805_2012Metric,,CR0805-FX-20R0ELF,,smt,C17544,Bourns Inc.,
"R4, R6",2,1K,R_0805_2012Metric,,CR0805-FX-1001ELF,,smt,C17513,Bourns Inc.,
R7,1,100K,R_0805_2012Metric,,CR0805-FX-1003ELF,,smt,C17407,Bourns Inc.,
R8,1,1K5,R_0805_2012Metric,,CR0805-FX-1501ELF,,smt,C4310,Bourns Inc.,
SW1,1,SW_Push,SW_PTS526_SM08_SMTR2_LFS,,PTS526 SK15 SMTR2 LFS,,smt,C2689521,C&K,
SW2,1,SW_DIP_x02,SW_DIP_SPSTx02_Slide_6.7x6.64mm_W8.61mm_P2.54mm_LowProfile,,219-2LPST,,smt,C2842684,CTS Electrocomponents,
U1,1,STM32F103CBTx,LQFP-48_7x7mm_P0.5mm,,STM32F103CBT7,,smt,C8304,STM32F103CBT7,
U2,1,AMS1117-3.3,SOT-223-3_TabPin2,,AMS1117-3.3,,smt,C6186,EVVO,
Y1,1,8MHz,Crystal_SMD_5032-2Pin_5.0x3.2mm,,ABM3-8.000MHZ-B4Y-T,,smt,C115962,Abracon LLC,
Y2,1,32.768kHz,Crystal_SMD_3215-2Pin_3.2x1.5mm,,ABS07AIG-32.768KHZ-D-T,,smt,C32346,Abracon LLC,
