﻿designator,quantity,value,pack,mpn,mount_type
"C10, C14",2,10uf,CP_EIA-3216-18_Kemet-A, T491A106K010AT,smt
"C11, C6, C7",3,100nf,C_0805_2012Metric,C0805C104J5RAC7800,smt
"C12, C15",2,10nF,C_0805_2012Metric,C0805C103J5RAC7210,smt
"C13, C9",2,1uF,C_0805_2012Metric,C0805C105J4REC7800,smt
"C2, C3",2,20pf,C_0805_2012Metric,C0805C200J5HAC7800,smt
D1,1,RED,LED_0805_2012Metric,150080RS75000,smt
D2,1,BLUE,LED_0805_2012Metric,150080BS75000,smt
D3,1,GREEN,LED_0805_2012Metric,150080GS75000,smt
"H1, H2, H3, H4",4,MountingHole,MountingHole_2.7mm_M2.5,,tht
"J1, J3",2,Conn_01x06,PinHeader_1x06_P2.54mm_Vertical,,tht
"J2, J7",2,Conn_02x03_Odd_Even,PinHeader_2x03_P2.54mm_Vertical,,tht
J4,1,Conn_01x16,PinSocket_1x16_P2.54mm_Vertical,,tht
J5,1,Conn_01x08,PinSocket_1x08_P2.54mm_Vertical,,tht
J6,1,Conn_02x05 Odd_Even,PinHeader_2x05_P1.27mm_Vertical_SMD,20021121-00010C4LF,smt
L1,1,10uH,L_0805_2012Metric,MLZ2012N100LT000,smt
"R1, R2, R3",3,10K,R_0805_2012Metric,CR0805-FX-1002ELF,smt
"R4, R6",2,1K,R_0805_2012Metric,CR0805-FX-1001ELF,smt
SW1,1,SW_Push,SW_PUSH_6mm,,tht
SW2,1,SW_DIP_x02,SW_DIP_SPSTx02_Slide_6.7x6.64mm_W8.61mm_P2.54mm_LowProfile,CT2192LPST-ND,smt
U1,1,STM32F030K6Tx,LQFP-32_7x7mm_P0.8mm,STM32F030K6T6TR,smt
U2,1,AMS1117-3.3,SOT-223-3_TabPin2,AMS1117-3.3,smt
Y1,1,8MHz,Crystal_SMD_5032-2Pin_5.0x3.2mm,ABM3-8.000MHZ-B4Y-T,smt
