﻿pos_x,pos_y,rotation,side,designator,mpn,pack,value,mount_type,place
47.0,27.0,0.0,top,C10, T491A106K010AT,CP_EIA-3216-18_Kemet-A,10uf,smt,True
41.0,11.0,90.0,top,C11,C0805C104J5RAC7800,C_0805_2012Metric,100nf,smt,True
8.662,17.762,90.0,top,C12,C0805C103J5RAC7210,C_0805_2012Metric,10nF,smt,True
15.174,17.6995,90.0,top,C13,C0805C105J4REC7800,C_0805_2012Metric,1uF,smt,True
49.0,15.0,0.0,top,C14, T491A106K010AT,CP_EIA-3216-18_Kemet-A,10uf,smt,True
17.298,17.694,90.0,top,C15,C0805C103J5RAC7210,C_0805_2012Metric,10nF,smt,True
7.4699,32.4831,180.0,top,C2,C0805C200J5HAC7800,C_0805_2012Metric,20pf,smt,True
7.5324,28.4831,180.0,top,C3,C0805C200J5HAC7800,C_0805_2012Metric,20pf,smt,True
33.782,22.5171,90.0,top,C6,C0805C104J5RAC7800,C_0805_2012Metric,100nf,smt,True
23.3045,33.6296,-90.0,top,C7,C0805C104J5RAC7800,C_0805_2012Metric,100nf,smt,True
6.376,17.762,90.0,top,C9,C0805C105J4REC7800,C_0805_2012Metric,1uF,smt,True
39.0,23.0,90.0,top,D1,150080RS75000,LED_0805_2012Metric,RED,smt,True
42.0,22.9375,-90.0,top,D2,150080BS75000,LED_0805_2012Metric,BLUE,smt,True
22.5535,42.84,0.0,top,D3,150080GS75000,LED_0805_2012Metric,GREEN,smt,True
65.0,46.0,0.0,top,H1,,MountingHole_2.7mm_M2.5,MountingHole,tht,True
65.0,4.0,0.0,top,H2,,MountingHole_2.7mm_M2.5,MountingHole,tht,True
4.0,46.0,0.0,top,H3,,MountingHole_2.7mm_M2.5,MountingHole,tht,True
4.0,4.0,0.0,top,H4,,MountingHole_2.7mm_M2.5,MountingHole,tht,True
42.9387,46.0,90.0,top,J1,,PinHeader_1x06_P2.54mm_Vertical,Conn_01x06,tht,True
48.0314,40.5638,-90.0,top,J2,,PinHeader_2x03_P2.54mm_Vertical,Conn_02x03_Odd_Even,tht,True
63.754,24.638,0.0,top,J3,,PinHeader_1x06_P2.54mm_Vertical,Conn_01x06,tht,True
9.0,4.0,90.0,top,J4,,PinSocket_1x16_P2.54mm_Vertical,Conn_01x16,tht,True
9.0,46.0,90.0,top,J5,,PinSocket_1x08_P2.54mm_Vertical,Conn_01x08,tht,True
62.058,33.02,180.0,top,J6,20021121-00010C4LF,PinHeader_2x05_P1.27mm_Vertical_SMD,Conn_02x05 Odd_Even,smt,True
4.5974,22.098,90.0,top,J7,,PinHeader_2x03_P2.54mm_Vertical,Conn_02x03_Odd_Even,tht,True
12.218,16.424,180.0,top,L1,MLZ2012N100LT000,L_0805_2012Metric,10uH,smt,True
22.7838,37.1094,180.0,top,R1,CR0805-FX-1002ELF,R_0805_2012Metric,10K,smt,True
39.904,26.838,180.0,top,R2,CR0805-FX-1002ELF,R_0805_2012Metric,10K,smt,True
44.0,10.9375,-90.0,top,R3,CR0805-FX-1002ELF,R_0805_2012Metric,10K,smt,True
42.0,18.0625,90.0,top,R4,CR0805-FX-1001ELF,R_0805_2012Metric,1K,smt,True
22.632,40.554,0.0,top,R6,CR0805-FX-1001ELF,R_0805_2012Metric,1K,smt,True
51.0,4.0,90.0,top,SW1,,SW_PUSH_6mm,SW_Push,tht,True
13.208,39.1922,0.0,top,SW2,CT2192LPST-ND,SW_DIP_SPSTx02_Slide_6.7x6.64mm_W8.61mm_P2.54mm_LowProfile,SW_DIP_x02,smt,True
28.0,28.0,0.0,top,U1,STM32F030K6T6TR,LQFP-32_7x7mm_P0.8mm,STM32F030K6Tx,smt,True
48.0,21.0,-90.0,top,U2,AMS1117-3.3,SOT-223-3_TabPin2,AMS1117-3.3,smt,True
12.4699,30.4831,-90.0,top,Y1,ABM3-8.000MHZ-B4Y-T,Crystal_SMD_5032-2Pin_5.0x3.2mm,8MHz,smt,True
